OfficeID,MobileNo,Area,OfficeNo,WorkingHours
OFF83,(602)978-6080,East Nicholas,53,12:00 - 18:00
OFF15,650-398-0453,Clarkton,89,11:00 - 20:00
OFF80,873-890-2935,New Nicole,78,8:00 - 18:00
OFF50,+1-202-533-0656x92143,South Drewshire,87,9:00 - 17:00
OFF41,001-773-868-0067,Theresaville,51,11:00 - 19:00
OFF36,(238)461-0663,Lake Kristinmouth,96,11:00 - 20:00
OFF21,+1-366-789-6147x73984,New Sarah,80,9:00 - 17:00
OFF94,260-592-2512x3135,Nicoletown,69,9:00 - 19:00
OFF39,001-700-203-1910x99191,Johnshire,44,8:00 - 17:00
OFF55,789-987-2617x6672,Kerrtown,78,9:00 - 18:00
OFF81,471.778.9988x58886,Lake Angela,87,9:00 - 17:00
OFF78,(225)708-4641x6762,North Alexandertown,76,8:00 - 17:00
OFF48,522.874.1683x8692,South John,7,12:00 - 19:00
OFF63,913-743-9399x754,Copelandfurt,98,8:00 - 17:00
OFF91,(973)757-0247x348,Marthaburgh,40,9:00 - 17:00
OFF45,(983)545-9348x30909,Jessicafort,3,11:00 - 20:00
OFF80,512.494.8348,Mcmahonshire,4,11:00 - 19:00
OFF36,(823)566-1718,Lake Alicia,80,11:00 - 18:00
OFF36,001-683-580-3125x707,North Patrickside,80,12:00 - 17:00
OFF84,573-876-9157,South Erichaven,6,9:00 - 18:00
OFF68,+1-355-262-7873x7451,Laurafort,71,8:00 - 18:00
OFF44,(251)691-4529x7367,North Jessicaberg,96,10:00 - 17:00
OFF99,683.932.9015x411,South Tina,55,10:00 - 20:00
OFF53,+1-982-876-4111x7559,Lauraberg,37,9:00 - 18:00
OFF32,+1-747-824-1485x8382,Pateltown,95,12:00 - 18:00
OFF84,385-816-8932x49414,Jacquelinehaven,79,10:00 - 20:00
OFF52,001-556-680-6840x402,Reidfort,80,9:00 - 18:00
OFF44,283-294-9941,South Brandytown,91,11:00 - 20:00
OFF79,911.227.9250,South Jeremy,17,9:00 - 18:00
OFF43,001-995-444-8206x656,Barneshaven,58,8:00 - 18:00
OFF64,263.715.2376x97537,East Timland,93,12:00 - 20:00
OFF46,+1-309-215-9344x6608,New Travis,26,10:00 - 19:00
OFF45,001-746-714-7392x080,New Rickeyton,78,8:00 - 20:00
OFF96,(997)735-7298x725,Port Saraport,45,9:00 - 20:00
OFF96,001-845-871-8344x307,North Kennethshire,84,12:00 - 20:00
OFF78,(395)790-2508,Baileymouth,21,12:00 - 18:00
OFF38,(457)564-0450x59348,Burkemouth,94,9:00 - 17:00
OFF69,+1-338-781-5382,Michellehaven,37,8:00 - 17:00
OFF35,(618)236-4187,Chapmanstad,100,10:00 - 18:00
OFF17,001-688-850-2464x281,East William,49,9:00 - 18:00
OFF73,(356)279-1631,Ryanbury,97,12:00 - 17:00
OFF58,001-345-404-7999x12522,New Sherryberg,32,10:00 - 19:00
OFF25,470-560-5905x13066,Smithborough,88,10:00 - 17:00
OFF35,001-623-338-1415x41992,North Heidi,27,9:00 - 18:00
OFF39,(764)484-3120,Karenhaven,2,11:00 - 17:00
OFF47,+1-483-951-4925x2559,Brianton,87,8:00 - 20:00
OFF80,249.261.1603x929,Lake Johnfurt,82,8:00 - 18:00
OFF38,001-524-733-3433x774,Lake Amyport,89,9:00 - 19:00
OFF14,001-248-262-3425x88202,Port Sarahview,18,11:00 - 17:00
OFF61,358.333.0073,Simpsonchester,64,12:00 - 20:00
OFF69,8428117458,Sarahmouth,54,9:00 - 19:00
OFF33,472.400.0398,Stephanieville,89,8:00 - 18:00
OFF43,574.439.4393x5973,West Heatherstad,51,8:00 - 20:00
OFF34,388-510-9335x121,Port William,37,12:00 - 17:00
OFF23,001-696-706-9559,South David,76,8:00 - 20:00
OFF66,001-805-684-5752x201,East Jameschester,15,9:00 - 18:00
OFF67,250-710-8251x02131,Comptonberg,91,12:00 - 17:00
OFF31,799-313-6047x62179,South Tammy,51,12:00 - 18:00
OFF74,689-684-5093x54561,West Kiaraport,23,11:00 - 17:00
OFF48,+1-203-797-1038x806,East Thomasside,18,11:00 - 17:00
OFF75,3992479742,North Brandon,68,8:00 - 17:00
OFF11,876.331.2005x7997,Sotomouth,17,10:00 - 18:00
OFF32,427-538-4093x030,South Davidmouth,12,8:00 - 20:00
OFF16,921-621-1880x02296,Hollowayhaven,67,10:00 - 17:00
OFF93,+1-496-629-9881,West Frankbury,1,11:00 - 18:00
OFF27,636-656-5192x83756,Castromouth,80,8:00 - 18:00
OFF64,(614)422-9047x164,East Christopher,67,9:00 - 17:00
OFF29,+1-885-739-3193x069,South Bryanfurt,87,12:00 - 18:00
OFF74,(589)376-0495x80138,Lake Walterberg,45,12:00 - 17:00
OFF93,(885)530-8944x46245,Garrettfurt,97,9:00 - 17:00
OFF29,367-974-5739,Avilafurt,18,12:00 - 17:00
OFF77,(882)267-1892x3890,East Brenda,7,12:00 - 17:00
OFF92,001-739-748-1320x6785,Harrisfort,80,9:00 - 18:00
OFF74,296-541-7599,Clarkborough,2,9:00 - 19:00
OFF62,+1-548-742-2018x6665,West Lauraside,45,8:00 - 17:00
OFF90,001-224-778-6224x159,Shepardmouth,1,8:00 - 18:00
OFF42,545.947.3373x6474,New William,63,10:00 - 19:00
OFF46,001-633-866-5234,Port Josephburgh,86,12:00 - 20:00
OFF25,+1-603-481-8299x682,Youngstad,45,11:00 - 17:00
OFF59,(253)707-4223x00591,Stevenhaven,16,10:00 - 20:00
OFF45,+1-600-281-1123,Hernandezmouth,78,10:00 - 17:00
OFF50,001-618-337-3114,Lake Jonathan,25,9:00 - 20:00
OFF19,(936)321-3825,Lake Christinaborough,85,10:00 - 20:00
OFF79,(820)908-1962,New Marcusmouth,65,10:00 - 18:00
OFF98,871-911-7797x103,Mooreshire,49,9:00 - 17:00
OFF85,001-758-354-0242x72369,Markberg,73,8:00 - 18:00
OFF53,(344)927-3342x477,West Leslie,63,8:00 - 19:00
OFF66,+1-421-525-5273x69128,Williamborough,82,12:00 - 18:00
OFF32,(257)817-2067x68574,Lake Angelaborough,90,10:00 - 18:00
OFF64,+1-282-870-4813x473,Port Scottview,70,10:00 - 20:00
OFF21,+1-430-519-3944x21930,South Jason,57,11:00 - 20:00
OFF91,001-917-814-6968,Johntown,92,12:00 - 17:00
OFF60,766-684-7055x16614,Port Linda,62,12:00 - 19:00
OFF28,+1-475-246-0213,East Michelle,47,9:00 - 19:00
OFF40,001-633-258-6670x873,Saundersmouth,22,10:00 - 17:00
OFF89,667.624.5195x8232,East James,93,8:00 - 18:00
OFF71,7325465072,Erikchester,6,12:00 - 20:00
OFF78,305-408-6693x763,New Derrickmouth,16,8:00 - 17:00
OFF30,310-784-4590x38294,Beverlyton,36,11:00 - 17:00
OFF93,296-574-3489x0113,Port Lucasshire,21,8:00 - 19:00
OFF20,(877)875-0541x70359,Johnside,41,8:00 - 17:00
OFF29,843.342.0236,Victorstad,92,12:00 - 19:00
OFF96,680-703-1797,Lorimouth,74,8:00 - 17:00
OFF69,936.254.3065x685,Harrisonton,50,11:00 - 19:00
OFF41,001-997-267-3245x683,Shelbymouth,75,8:00 - 20:00
OFF93,776-841-9634,New Kerry,75,8:00 - 17:00
OFF66,001-208-714-0019,Boltonview,24,12:00 - 18:00
OFF15,254-480-9849x816,East Debbie,13,10:00 - 20:00
OFF83,765.526.5600x804,West Timothychester,59,8:00 - 20:00
OFF86,(785)299-6900x7859,Patrickmouth,37,10:00 - 18:00
OFF79,537.711.2968x7252,Fernandezview,68,10:00 - 20:00
OFF58,756-619-7848x5926,West Phyllischester,28,12:00 - 20:00
OFF36,884-513-8867x20802,Charlottestad,60,11:00 - 17:00
OFF20,402.276.0835,Stevenborough,7,8:00 - 17:00
OFF12,(468)265-6071x9972,Port Mark,36,10:00 - 17:00
OFF76,+1-889-331-6842,West Mariaside,81,9:00 - 20:00
OFF67,(917)529-2424,Blackton,98,8:00 - 20:00
OFF63,001-992-405-2610x5796,Wagnerbury,32,10:00 - 19:00
OFF32,(502)840-5013,West Christinahaven,87,9:00 - 20:00
OFF24,+1-636-498-7900x1197,Robertsfort,88,8:00 - 20:00
OFF17,527.737.5688x241,Wendyport,29,8:00 - 20:00
OFF46,548-878-4080,Kennedyville,55,8:00 - 18:00
OFF21,(922)626-9271x63416,Robertfurt,86,10:00 - 20:00
OFF54,854-535-8416x29205,West Christopherfurt,29,11:00 - 19:00
OFF81,001-829-309-2733,North Jasonport,28,11:00 - 18:00
OFF11,600.836.0683,Sethport,70,10:00 - 18:00
OFF77,487-675-9819,Stevensview,28,10:00 - 17:00
OFF23,301.707.8924,Lake Jameston,37,8:00 - 18:00
OFF13,+1-371-660-1231x832,East Julieville,100,9:00 - 20:00
OFF64,8307524466,Lake Joannburgh,70,8:00 - 17:00
OFF42,347-970-2310,Port Barbara,78,9:00 - 20:00
OFF68,+1-407-898-9642,Brittneyton,94,8:00 - 20:00
OFF83,212.613.2497,East Hunter,27,12:00 - 17:00
OFF34,+1-381-365-6702x5310,Kellyville,17,11:00 - 19:00
OFF23,(731)393-4341,Diazton,66,11:00 - 20:00
OFF89,343.378.6297,Morenotown,64,8:00 - 18:00
OFF44,859.955.9710,New William,43,10:00 - 19:00
OFF41,+1-635-235-2556,West Laura,48,11:00 - 19:00
OFF91,001-697-573-3506x647,North Austinside,27,12:00 - 20:00
OFF36,(595)977-6498,East Austin,59,11:00 - 17:00
OFF94,001-607-497-6527,Frazierborough,78,11:00 - 19:00
OFF71,653-741-9025,Walkerstad,53,12:00 - 17:00
OFF85,+1-834-316-3285x704,Port Ashleystad,6,9:00 - 20:00
OFF80,+1-994-716-9005x91844,Whiteview,86,8:00 - 18:00
OFF67,9696003979,West Tammyshire,9,10:00 - 20:00
OFF65,(486)301-3974x62436,Schmidtbury,15,8:00 - 17:00
OFF94,(444)827-6771,Carpenterside,60,9:00 - 19:00
OFF50,(391)232-5908,Caldwellchester,49,11:00 - 17:00
OFF53,873-760-7502,Coreyton,38,11:00 - 19:00
OFF51,458.967.8861,Wilsonberg,6,11:00 - 18:00
OFF96,(756)841-3448x067,Shawchester,62,8:00 - 18:00
OFF78,+1-236-919-3997x67306,Romeroland,94,12:00 - 18:00
OFF34,001-837-654-7534x841,West Keith,33,9:00 - 18:00
OFF79,930-907-8292,Hursttown,56,9:00 - 20:00
OFF24,821.428.5409x7843,New Nancy,56,9:00 - 19:00
OFF19,734-653-7739,New Jennyview,1,11:00 - 19:00
OFF99,(292)991-9016x468,Port Chelseachester,64,10:00 - 17:00
OFF29,(569)348-6685x55446,Briannafurt,92,10:00 - 19:00
OFF33,6025872602,Wolfeville,62,8:00 - 18:00
OFF39,001-334-336-6719x5571,West Monica,13,12:00 - 17:00
OFF39,(934)551-1696x821,New Courtneyhaven,69,10:00 - 18:00
OFF87,2282170586,Adamview,12,8:00 - 20:00
OFF94,(369)561-7518x1314,Josephberg,25,11:00 - 18:00
OFF38,793-899-1367x093,North Rebecca,59,8:00 - 17:00
OFF12,(756)918-2127x0442,Stewartview,54,8:00 - 17:00
OFF79,001-406-444-2553x25347,Stanleybury,45,11:00 - 17:00
OFF22,001-901-422-8168,West Holly,88,10:00 - 17:00
OFF55,+1-887-803-6112x1585,Lake Jared,8,9:00 - 18:00
OFF72,219-620-6075x0181,North Laurentown,3,8:00 - 20:00
OFF15,497-537-2968,Stephaniemouth,88,9:00 - 17:00
OFF16,001-412-479-8160x57992,New Madisonview,44,11:00 - 18:00
OFF33,(233)822-8444x39697,Ethanport,72,8:00 - 17:00
OFF92,+1-525-529-0057x30942,New Toddmouth,74,10:00 - 20:00
OFF57,+1-638-521-5037x0578,West Katherine,74,12:00 - 19:00
OFF68,939.870.2440x143,Dwaynemouth,51,10:00 - 19:00
OFF18,+1-686-291-0820,Kanefurt,80,10:00 - 19:00
OFF25,991.618.3466,Pattersonview,59,8:00 - 19:00
OFF79,4273069690,Smithmouth,45,10:00 - 18:00
OFF75,938-556-2029,Wendychester,45,9:00 - 17:00
OFF32,473-367-6933x3280,South Kelseyton,76,10:00 - 17:00
OFF61,+1-912-336-4547x226,North Natasha,68,8:00 - 18:00
OFF32,304.804.0307,North Robert,62,10:00 - 18:00
OFF33,001-277-548-6349x964,East Tracie,46,8:00 - 18:00
OFF26,001-404-949-2646x14971,Duncanfort,40,8:00 - 17:00
OFF53,6599502279,Myersburgh,55,8:00 - 20:00
OFF69,809.830.3856x75759,Gregoryberg,33,11:00 - 17:00
OFF88,289-812-3396,Brownborough,83,11:00 - 19:00
OFF87,+1-296-422-6882x7060,Huangberg,74,11:00 - 19:00
OFF13,+1-600-697-7840x45681,Perryport,65,10:00 - 19:00
OFF11,001-672-851-8213x32577,Sarahburgh,88,8:00 - 18:00
OFF19,632.375.6397x31600,Marksburgh,35,10:00 - 20:00
OFF90,+1-447-255-5641x637,West Joybury,75,8:00 - 18:00
OFF67,(738)932-2726x53927,Donnahaven,3,10:00 - 19:00
OFF34,001-731-558-9066x4565,Lewisside,98,11:00 - 19:00
OFF29,583-363-5738x685,West Ryanmouth,20,11:00 - 19:00
OFF93,(357)326-1518x47807,West Scottview,3,12:00 - 17:00
OFF34,989-751-6838,North Justinland,18,12:00 - 19:00
OFF54,001-377-783-2065,North Maryhaven,70,12:00 - 19:00
OFF81,644.205.4404,New Daniel,16,12:00 - 20:00
OFF74,+1-595-303-7505,South Brendaberg,77,9:00 - 19:00
OFF11,+1-817-839-0389x19660,New Joelburgh,5,10:00 - 20:00
OFF21,688-252-7362x3442,South Gabriela,3,12:00 - 19:00
OFF72,+1-502-228-1017x208,South Joshuatown,75,11:00 - 20:00
OFF44,+1-843-960-9109x6777,Greerfort,94,10:00 - 20:00
OFF17,7346713455,Port Kevin,20,8:00 - 19:00
OFF11,001-909-243-7161x678,West Richardburgh,9,8:00 - 18:00
OFF99,+1-788-785-8211x8936,Martinville,68,11:00 - 18:00
OFF36,496.875.8079x205,Lindashire,93,10:00 - 17:00
OFF32,743-368-2598x03503,East Douglas,27,12:00 - 18:00
OFF85,(540)296-9574x66278,Ericmouth,25,11:00 - 18:00
OFF56,636-486-3383x86750,North Isaac,44,11:00 - 20:00
OFF39,672.604.0352x21097,Wallacebury,40,9:00 - 18:00
OFF67,(443)700-3388,Lake Alyssamouth,96,12:00 - 17:00
OFF34,788-308-6176x431,Tiffanyville,88,10:00 - 20:00
OFF55,001-453-389-0825x753,Nicholasfurt,73,9:00 - 19:00
OFF53,(541)394-6476,Cunninghamside,3,9:00 - 19:00
OFF21,(979)779-0514,Williamsfurt,96,11:00 - 19:00
OFF49,(634)644-7989x074,New Lawrenceburgh,62,11:00 - 19:00
OFF53,(876)830-9105,Ibarrabury,6,8:00 - 20:00
OFF59,001-546-815-2912,Moralestown,21,11:00 - 17:00
OFF14,(879)751-1799x14503,North Christopher,98,10:00 - 18:00
OFF13,865.618.9613x0256,Martinezview,11,11:00 - 18:00
OFF41,001-517-225-8573x965,Kaylafurt,100,12:00 - 18:00
OFF16,001-646-644-1923x3870,Coryton,9,11:00 - 20:00
OFF29,(429)487-7129,South Robert,5,10:00 - 17:00
OFF75,552.489.6799x25828,West Emily,46,12:00 - 19:00
OFF55,(208)378-0231x61331,Cameronport,2,11:00 - 18:00
OFF11,840.921.3727,Moranton,10,11:00 - 17:00
OFF29,+1-615-381-3507x340,Lake Monicaton,69,11:00 - 18:00
OFF36,4654700592,South Breannaland,52,9:00 - 20:00
OFF10,261-958-7079x961,New Tabithaville,49,8:00 - 19:00
OFF78,001-778-601-4004,North Cynthiaside,30,8:00 - 20:00
OFF25,001-657-426-9010x819,Clarkmouth,94,8:00 - 20:00
OFF50,(941)334-5943x377,Pamelaview,19,11:00 - 19:00
OFF57,561.942.1375,East James,10,10:00 - 19:00
OFF28,488.881.9339x0083,North Jason,70,12:00 - 20:00
OFF72,616.599.3278,North Christina,84,11:00 - 18:00
OFF24,931.981.4393x0093,Stephanieburgh,39,10:00 - 20:00
OFF65,318.803.4423x536,New Teresachester,56,12:00 - 19:00
OFF18,+1-705-225-0678x513,South Jeffreyville,52,8:00 - 20:00
OFF44,724-575-1599x4840,Jacobchester,64,9:00 - 19:00
OFF18,001-345-815-9819x347,Lake Markchester,36,8:00 - 18:00
OFF28,276-290-3422x5628,Port Tylerside,67,8:00 - 20:00
OFF76,853-687-7330,Leeport,86,12:00 - 18:00
OFF15,+1-505-749-7862x16726,Shannonshire,88,10:00 - 17:00
OFF55,001-369-976-8823x915,Mcdonaldmouth,64,9:00 - 18:00
OFF73,(875)269-4024x674,Thomasstad,31,11:00 - 20:00
OFF96,+1-964-299-7994x9508,North Nancy,72,12:00 - 17:00
OFF49,795.671.6908x79253,Lake Andrew,20,11:00 - 19:00
OFF14,4403752187,Lake Moniqueside,58,10:00 - 20:00
OFF81,984-511-1011,South Michaelview,16,8:00 - 19:00
OFF86,943.555.5672,Morganshire,14,8:00 - 19:00
OFF51,(883)313-3813x690,Williamsfurt,96,8:00 - 20:00
OFF67,215-917-5550x375,Smithborough,5,10:00 - 19:00
OFF39,272-432-1315,New Virginiamouth,5,10:00 - 17:00
OFF21,(739)452-9507,Lewisstad,34,10:00 - 18:00
OFF18,400.730.0100x5766,Hayeston,64,10:00 - 17:00
OFF30,2987673566,Briantown,1,9:00 - 20:00
OFF66,846.790.8539x8469,Schroedermouth,74,11:00 - 20:00
OFF31,575.533.0518x91922,Scottville,28,10:00 - 18:00
OFF21,001-891-807-1723,South Evan,43,10:00 - 20:00
OFF13,+1-625-875-4702x742,North Jonathan,13,8:00 - 18:00
OFF73,+1-715-477-3154x787,Simpsonland,71,9:00 - 20:00
OFF27,+1-819-325-1238x9746,Seanland,19,12:00 - 17:00
OFF88,7559739995,Evansside,33,8:00 - 18:00
OFF96,734.343.3746x49972,West Clintonmouth,78,9:00 - 19:00
OFF83,442-242-7610,Castillofort,71,11:00 - 18:00
OFF37,001-543-223-8994x6805,South Markfort,34,8:00 - 19:00
OFF60,+1-860-748-0326x053,South Anthony,88,11:00 - 18:00
OFF98,696-662-8621x7980,Annbury,87,11:00 - 17:00
OFF72,3694460971,Kristinmouth,97,12:00 - 20:00
OFF81,+1-625-454-3657x3582,Geraldville,50,9:00 - 17:00
OFF54,+1-239-224-9070x23261,Mejiaton,37,10:00 - 19:00
OFF93,001-597-761-5908x0941,Michaelfort,5,8:00 - 17:00
OFF11,001-943-360-8763,Gonzalezport,83,9:00 - 19:00
OFF72,204.500.8376x1195,South Jennafort,99,11:00 - 17:00
OFF46,+1-207-936-9523x93859,Farmerview,34,9:00 - 17:00
OFF15,001-894-608-4843x97536,West Adam,76,8:00 - 17:00
OFF73,734-386-4681x293,Spencerville,84,11:00 - 19:00
OFF78,651.967.1072x558,Port Amberbury,73,9:00 - 18:00
OFF39,(764)271-9972x4320,New Matthewstad,57,11:00 - 18:00
OFF67,334.504.1579,Stephanieshire,6,11:00 - 18:00
OFF83,7308429427,Cassandraport,16,10:00 - 20:00
OFF85,001-803-668-7999x424,Lake Joseph,87,9:00 - 19:00
OFF57,001-952-791-4797x74665,Bowenville,76,10:00 - 17:00
OFF14,+1-570-607-3522x2989,East Thomas,69,12:00 - 20:00
OFF30,941.340.9746,Edwardsberg,76,8:00 - 19:00
OFF39,719-773-2249x4968,Bookerberg,55,9:00 - 19:00
OFF93,+1-981-681-5992x024,East Jeffreyton,35,9:00 - 17:00
OFF44,773.371.1176x208,Reneestad,31,12:00 - 20:00
OFF66,(910)277-2767x0748,Reynoldsshire,22,10:00 - 18:00
OFF15,520-346-8485x833,South Stephanieview,80,10:00 - 20:00
OFF55,(397)933-2253x348,Michellestad,46,9:00 - 18:00
OFF66,442.949.1583,Leborough,74,10:00 - 17:00
OFF60,001-453-207-3204x093,West Steven,48,10:00 - 20:00
OFF23,+1-527-881-8403x50049,Lewisland,83,11:00 - 20:00
OFF98,(799)287-0535x733,Port Kathrynmouth,43,11:00 - 17:00
OFF44,334-844-3017x22442,New Kevinton,35,11:00 - 17:00
OFF48,(593)996-0568x072,Colleenton,21,9:00 - 20:00
OFF93,969.729.1406x121,West Ericahaven,39,9:00 - 18:00
OFF12,7957724611,Greenfurt,47,8:00 - 20:00
OFF87,2388188830,Christopherland,36,11:00 - 18:00
OFF24,+1-338-498-0824,Davisville,16,8:00 - 19:00
OFF36,(452)642-7531,Patriciamouth,39,11:00 - 20:00
OFF96,835.398.6302x7591,North Joel,13,8:00 - 20:00
OFF15,(754)703-7902,New Nancyfort,53,11:00 - 19:00
OFF43,(700)675-6448x7071,East Sabrinaland,52,9:00 - 20:00
OFF86,(374)703-1826,Bryanburgh,92,8:00 - 18:00
OFF87,(267)847-4936x2762,Margaretview,49,10:00 - 18:00
OFF18,(765)724-5437x6482,Smithshire,2,10:00 - 19:00
OFF96,366.452.5565x69784,South Kathy,79,12:00 - 19:00
OFF46,001-429-600-1357x6680,Sarahmouth,20,10:00 - 17:00
OFF20,(976)585-4842x75562,Lake Hannah,78,9:00 - 18:00
OFF92,599-229-2342,New Joditon,79,12:00 - 18:00
OFF87,928.279.1204,Allenchester,42,12:00 - 19:00
OFF49,001-732-906-0958x01622,East Amanda,24,8:00 - 20:00
OFF14,2637058507,South Christopher,45,8:00 - 20:00
OFF32,546.503.8754x0692,Matthewport,31,10:00 - 18:00
OFF51,822.590.5111,New Randyland,97,10:00 - 17:00
OFF92,5476690962,East Kelseyport,44,10:00 - 20:00
OFF71,343-448-3026x25124,East James,36,10:00 - 19:00
OFF60,3403600154,New Nicole,11,8:00 - 18:00
OFF44,564.353.9538x55792,East Karamouth,58,9:00 - 18:00
OFF63,537.642.9844,East Robertchester,83,11:00 - 19:00
OFF54,(254)939-7772,Connorville,91,11:00 - 20:00
OFF53,701.540.4098,Jennifermouth,9,12:00 - 17:00
OFF23,+1-703-265-7310x4393,East Amanda,20,12:00 - 18:00
OFF81,401-763-9961x132,West Chelsea,35,8:00 - 19:00
OFF73,(664)756-4398x00351,Benjaminburgh,83,12:00 - 20:00
OFF10,4217032629,Harperstad,95,12:00 - 20:00
OFF17,905.454.3565x238,Navarrobury,68,11:00 - 20:00
OFF13,867-270-2301x0152,Lake Alexanderfort,84,9:00 - 17:00
OFF23,001-313-354-4982x2507,Michaelchester,21,8:00 - 17:00
OFF50,429-563-8614x073,Amberfurt,23,12:00 - 18:00
OFF57,754.485.1889x3742,Port Laura,34,12:00 - 18:00
OFF81,3447902108,South Jose,98,12:00 - 19:00
OFF77,001-588-717-6804,Williamburgh,18,11:00 - 19:00
OFF15,482-914-9531,South Michael,35,11:00 - 17:00
OFF93,(890)492-5427,Port Leslieberg,57,12:00 - 17:00
OFF36,+1-875-866-7523x634,West Dylanhaven,88,12:00 - 19:00
OFF53,532.353.3275x350,Lake Micheleview,5,11:00 - 19:00
OFF94,+1-379-855-7610,Kimberlyberg,72,11:00 - 18:00
OFF78,001-336-851-1495x769,New Victormouth,80,11:00 - 19:00
OFF16,(241)760-4626x4467,North Audrey,40,12:00 - 20:00
OFF14,624-753-2164x7999,North Calvin,24,11:00 - 18:00
OFF74,925.652.7158x1317,Port Joseph,21,8:00 - 19:00
OFF55,6107415953,Lake Derek,29,11:00 - 19:00
OFF27,+1-360-705-5704x122,South Joseph,65,10:00 - 20:00
OFF92,551-250-9129,Port Markville,49,8:00 - 19:00
OFF59,275.210.6115,North Donna,17,9:00 - 19:00
OFF14,352-670-0075x3795,South Natalie,13,10:00 - 20:00
OFF41,2526588688,Apriltown,25,12:00 - 19:00
OFF32,001-927-894-1623,North Sheilaville,37,9:00 - 18:00
OFF45,5165274736,New Erinmouth,34,8:00 - 20:00
OFF47,316.405.5002x8781,Justinview,94,9:00 - 18:00
OFF90,(522)296-9976,North Christina,30,11:00 - 18:00
OFF10,(351)423-4059,Shaffertown,10,8:00 - 19:00
OFF64,500-357-1061x61764,Kellerport,79,11:00 - 19:00
OFF78,(409)530-9079x343,Suzanneville,28,9:00 - 19:00
OFF22,7105275905,Callahanton,76,12:00 - 19:00
OFF68,(563)550-0000x090,South Jamiemouth,25,11:00 - 20:00
OFF42,951.512.2680,Jonesfurt,25,10:00 - 17:00
OFF45,493-477-8265x79719,East Jessicaberg,19,11:00 - 20:00
OFF73,001-840-523-1204x5591,Lake Kimberlybury,1,12:00 - 18:00
OFF85,(649)359-7647x1848,Lake Shaun,57,8:00 - 19:00
OFF77,(751)320-6775x544,Lake Dawn,9,8:00 - 18:00
OFF30,+1-447-638-6440x68321,New Jacobtown,90,8:00 - 20:00
OFF22,(683)329-9529x693,Lisafort,45,8:00 - 19:00
OFF13,326-319-3494x1595,East Chelsea,9,10:00 - 17:00
OFF10,8726276085,Port Sheilaborough,47,10:00 - 19:00
OFF46,327-533-6388x92309,South Tiffanyshire,3,9:00 - 17:00
OFF25,001-403-995-7861x056,Nicolemouth,25,9:00 - 17:00
OFF61,2654509147,North Markmouth,66,12:00 - 17:00
OFF31,856-857-9203x685,Parkerchester,7,9:00 - 18:00
OFF52,473.313.8063x46748,Robinsonhaven,87,11:00 - 17:00
OFF81,(226)992-7647,Lake Jonathan,75,11:00 - 17:00
OFF36,(761)613-8181x8800,West Matthewfurt,61,12:00 - 18:00
OFF13,001-290-723-5263x0421,Bakermouth,93,9:00 - 20:00
OFF36,(788)621-8718x43585,Port Lisa,6,11:00 - 19:00
OFF78,415-876-9387x4129,Waltersport,83,9:00 - 18:00
OFF95,469.269.1582,Carlyborough,22,10:00 - 19:00
OFF46,979-827-2835x67778,Kimberlybury,86,10:00 - 18:00
OFF73,(782)890-7844,Port Rodney,15,12:00 - 19:00
OFF32,997-203-2339,Lorettaton,4,12:00 - 17:00
OFF46,(458)970-4504x43720,Wilkersonchester,11,8:00 - 19:00
OFF76,624.665.7260,West Jose,4,9:00 - 19:00
OFF65,+1-863-432-9161x6928,Atkinsonburgh,41,11:00 - 18:00
OFF45,840-466-2406x975,Ambershire,39,10:00 - 17:00
OFF19,247-771-5716x707,East Annette,73,8:00 - 20:00
OFF42,(319)893-2695x76760,Lake Anthonyton,51,12:00 - 19:00
OFF35,729.813.2067,Collinsmouth,94,11:00 - 20:00
OFF33,+1-900-505-5664,Harrisville,19,12:00 - 17:00
OFF56,(867)913-8304,Courtneytown,59,12:00 - 19:00
OFF29,526-440-4342,West Toni,22,11:00 - 19:00
OFF32,8458057161,East Lauren,21,8:00 - 18:00
OFF88,001-558-780-8034x990,Campbellville,69,8:00 - 19:00
OFF50,+1-434-765-8842x3270,Port Meganton,45,12:00 - 18:00
OFF98,451-612-7080x48900,Wigginsburgh,18,9:00 - 18:00
OFF33,990-554-0927x1021,Mathewburgh,12,9:00 - 19:00
OFF18,(693)721-7128x4866,Suttonport,55,10:00 - 19:00
OFF41,651-372-9838,Lake Josephfurt,50,12:00 - 17:00
OFF14,(751)709-9837,Teresamouth,1,9:00 - 20:00
OFF59,8243802853,East Lisa,96,11:00 - 18:00
OFF93,227-641-8813x229,West Megan,15,12:00 - 17:00
OFF23,596.629.1171,Port Laceyfort,33,12:00 - 19:00
OFF33,+1-542-760-1741x464,Caseystad,84,11:00 - 18:00
OFF94,676-846-5067x41575,Heatherhaven,24,8:00 - 17:00
OFF75,8495943365,East Jacobfurt,57,12:00 - 18:00
OFF94,001-918-256-4746x8118,South Victor,17,8:00 - 20:00
OFF49,554-279-5913,West Craig,49,10:00 - 17:00
OFF68,001-531-906-0517x02248,South Nancy,46,12:00 - 17:00
OFF35,396-705-9684x863,Stoutview,50,8:00 - 20:00
OFF71,5823459192,Marymouth,93,8:00 - 19:00
OFF47,648.528.7590,Meyertown,28,12:00 - 18:00
OFF17,001-836-877-9501x5596,Dylanchester,36,9:00 - 19:00
OFF83,(941)392-7700,Jonesland,88,10:00 - 19:00
OFF82,+1-568-987-5851x4811,Jillianberg,73,10:00 - 18:00
OFF20,389-280-1786,Lake Angelamouth,18,11:00 - 17:00
OFF22,001-577-686-6697x825,Tammyton,66,9:00 - 17:00
OFF40,001-599-313-3106x276,Ashleyland,37,9:00 - 17:00
OFF29,2983772740,New Felicia,69,11:00 - 19:00
OFF21,318.448.9276x555,Priscillahaven,86,9:00 - 18:00
OFF44,455-716-6361x981,East Laura,53,12:00 - 20:00
OFF55,3428641812,Angelahaven,20,10:00 - 20:00
OFF83,206-734-8718x8126,New Raymondhaven,25,10:00 - 19:00
OFF70,360-616-6388x862,South Eric,7,9:00 - 20:00
OFF39,(240)827-2193,East Angelafurt,86,10:00 - 17:00
OFF55,9763743735,Port Karen,11,8:00 - 19:00
OFF74,655.756.4546,Lake Kyle,1,10:00 - 19:00
OFF52,(229)778-5999,New Robertview,79,8:00 - 19:00
OFF15,5617447868,North Shelley,22,12:00 - 18:00
OFF16,592-462-4036,New Shannon,51,12:00 - 19:00
OFF33,3886265557,Port Julie,5,11:00 - 19:00
OFF18,001-498-947-3107x49848,West Carolynmouth,85,8:00 - 19:00
OFF57,3447861120,Jonside,13,9:00 - 18:00
OFF97,+1-219-943-6527x98754,Lake John,22,9:00 - 17:00
OFF22,314-986-7670,West Joel,76,11:00 - 18:00
OFF80,(743)235-0135x2001,Smithton,97,10:00 - 17:00
OFF55,257.930.0441x8481,East Jeff,35,8:00 - 20:00
OFF20,001-415-261-6035,Gomezton,16,9:00 - 19:00
OFF18,001-415-749-3477x293,Jacquelinefurt,66,11:00 - 17:00
OFF47,(505)683-2600x232,South Seanchester,53,11:00 - 17:00
OFF76,584-787-7098x179,North Justin,7,11:00 - 17:00
OFF83,336-625-0689,West Joshuaport,71,10:00 - 19:00
OFF26,541-902-3482,New Jennifer,98,11:00 - 20:00
OFF65,2168254062,New Johnnyfurt,67,8:00 - 17:00
OFF93,(801)881-8529,Chungtown,33,12:00 - 17:00
OFF89,001-378-266-1375x9710,New Andrew,81,11:00 - 17:00
OFF28,+1-249-647-5225x148,Ericport,54,9:00 - 17:00
OFF30,814-416-2211,Michaelmouth,21,9:00 - 17:00
OFF56,5172115624,Kimberlyberg,51,8:00 - 17:00
OFF15,252.459.2095x1498,Brownville,61,9:00 - 18:00
OFF72,001-728-899-0899x938,West Davidland,36,8:00 - 20:00
OFF86,+1-474-534-3308,Colleenmouth,37,10:00 - 19:00
OFF95,621.390.8838x39148,Lake Brittany,81,12:00 - 17:00
OFF12,376.237.8393x547,South Tina,67,12:00 - 19:00
OFF83,617-647-6953x789,Thomastown,46,10:00 - 17:00
OFF44,001-443-452-0608x2318,New Tonyberg,26,11:00 - 19:00
OFF82,+1-482-368-3097,Bowenchester,29,8:00 - 18:00
OFF99,8812408205,East Rebecca,13,9:00 - 17:00
OFF99,+1-551-669-2293,East Walter,71,11:00 - 19:00
OFF72,615-840-2668,North Travis,27,10:00 - 20:00
OFF84,(868)782-4048x66068,New Leslie,53,12:00 - 19:00
OFF59,488-740-4582x86473,Port Justin,80,12:00 - 20:00
OFF93,+1-955-937-8118x25128,Howellville,80,8:00 - 18:00
OFF10,939.689.3212x398,Estradaberg,51,11:00 - 19:00
OFF80,780-419-4887,Jenkinsshire,74,8:00 - 19:00
OFF48,001-782-897-0431x0499,Joannatown,22,10:00 - 20:00
OFF17,737-738-2584,Shirleyport,77,9:00 - 20:00
OFF17,+1-658-906-8935x774,East Jay,100,10:00 - 19:00
OFF48,9426031583,Jeffreyfurt,99,8:00 - 19:00
OFF70,(367)315-1817x134,East Judith,49,12:00 - 17:00
OFF42,001-698-462-0899x561,Jessicabury,85,9:00 - 19:00
OFF16,(739)362-9319x818,Christopherview,90,9:00 - 18:00
OFF63,001-917-282-4895,Joytown,59,9:00 - 19:00
OFF51,834-638-1850x503,Stewartfurt,54,11:00 - 20:00
OFF60,001-922-787-9715x744,Rachelberg,17,10:00 - 17:00
OFF69,426.805.6292x25723,West Carrie,26,12:00 - 20:00
OFF10,585-580-8741x2806,Miketon,66,9:00 - 19:00
OFF85,001-249-765-2429x7167,West Kevin,33,11:00 - 20:00
OFF97,702-666-6409x8310,Christophermouth,4,12:00 - 19:00
OFF75,937.639.2653x72118,North Laurenmouth,22,12:00 - 18:00
OFF39,001-745-583-2691x50377,Brittanyville,84,10:00 - 18:00
OFF13,+1-567-969-8821x96377,Port Thomasfurt,14,8:00 - 17:00
OFF60,+1-679-394-5613x9855,Scottberg,1,11:00 - 17:00
OFF22,270.598.0249,Sampsontown,19,11:00 - 20:00
OFF74,5758864912,Lake Samuelstad,92,9:00 - 20:00
OFF74,586-791-2995x6041,Danielborough,84,8:00 - 20:00
OFF50,(369)295-0217x8180,Juliestad,99,10:00 - 17:00
OFF96,+1-619-500-1635x78805,Christinaberg,55,9:00 - 20:00
OFF29,(848)854-3435x26628,New Timothy,62,9:00 - 17:00
OFF56,7382024960,Drakefurt,17,11:00 - 20:00
OFF77,5947018774,West Richardhaven,9,12:00 - 17:00
OFF62,001-847-288-1366,Evansstad,72,8:00 - 17:00
OFF12,+1-920-420-0733x8313,Mooreview,92,10:00 - 17:00
OFF31,325-902-1242x5200,Lake Jeffrey,22,8:00 - 19:00
OFF97,434.311.3577x84290,Scottburgh,92,8:00 - 18:00
OFF65,+1-594-980-6552x6769,Taylorbury,73,9:00 - 20:00
OFF85,+1-562-562-2584x5145,Lake Joseph,28,11:00 - 20:00
OFF45,291.659.8392x41146,Elizabethton,10,12:00 - 17:00
OFF10,510-284-1746x7397,Jacksonburgh,29,12:00 - 19:00
OFF72,7559410891,East Cameronbury,24,10:00 - 20:00
OFF68,536-387-0470x03896,East Saraville,70,10:00 - 19:00
OFF98,355.505.7267x0418,South Janice,33,11:00 - 18:00
OFF27,7026909768,Lake Cynthiabury,2,8:00 - 19:00
OFF69,319-564-0842,Anthonyville,37,11:00 - 20:00
OFF47,522.531.5686x167,Rickyton,47,11:00 - 19:00
OFF51,417-857-0056,Jenniferstad,75,11:00 - 18:00
OFF63,+1-687-656-3853x49972,East Steventon,28,10:00 - 18:00
OFF39,+1-920-601-2745x54285,Cortezside,99,8:00 - 18:00
OFF58,001-261-472-1128x36170,Hillburgh,2,10:00 - 18:00
OFF44,2528749607,Armstrongmouth,3,9:00 - 19:00
OFF94,001-266-726-9250,North Lauratown,61,8:00 - 18:00
OFF46,487.382.8310x263,Francesview,6,12:00 - 20:00
OFF60,(990)276-4883,Jeffreyside,7,9:00 - 18:00
OFF60,001-447-899-1673x97675,Port Derek,92,10:00 - 20:00
OFF60,629.513.1139x461,Port Megan,80,8:00 - 17:00
OFF63,237.927.8253x7754,Vincentborough,60,10:00 - 19:00
OFF79,+1-664-416-5113,Michaelport,48,11:00 - 18:00
OFF19,(369)475-2091x8288,Maryside,71,9:00 - 18:00
OFF25,+1-581-513-4424x39460,Port Timothymouth,14,12:00 - 18:00
OFF30,626.297.8492,Port Michael,3,8:00 - 18:00
OFF17,480-424-9378x8243,Robertland,85,8:00 - 19:00
OFF25,(849)948-9843,New Jasmine,47,11:00 - 18:00
OFF43,483-547-2238,West Melanieville,12,11:00 - 17:00
OFF89,210-627-0186x584,North Joseph,23,12:00 - 19:00
OFF91,001-646-816-3383x40426,Lisaton,40,9:00 - 18:00
OFF75,001-470-712-6783x80030,Lynchberg,11,8:00 - 19:00
OFF68,(394)226-3617,New Nicoleborough,4,12:00 - 19:00
OFF12,(684)926-0984x4971,Lake Matthewside,6,8:00 - 18:00
OFF59,615-247-3138x0529,Milesport,34,12:00 - 20:00
OFF59,001-549-338-3879x30756,West Andrew,57,10:00 - 19:00
OFF20,001-957-467-6595,North Julieburgh,56,12:00 - 17:00
OFF22,(691)598-2899x58261,West Andrewhaven,35,8:00 - 19:00
OFF92,001-749-367-3894x07349,Lake Candicemouth,43,8:00 - 18:00
OFF86,(382)634-0179x504,Longview,46,12:00 - 20:00
OFF59,+1-488-442-5825x106,Robertland,53,11:00 - 20:00
OFF97,973.345.9578,Schultzview,40,10:00 - 17:00
OFF77,(291)769-1407x2040,Tiffanyberg,95,11:00 - 18:00
OFF57,508-355-8483x681,Jessicachester,60,9:00 - 18:00
OFF12,+1-605-356-0626x76602,New Josephstad,53,9:00 - 19:00
OFF43,658.486.9081,North Jeremyborough,100,8:00 - 19:00
OFF30,565.543.3833x0000,Hartfort,65,10:00 - 20:00
OFF38,(552)377-4355x9024,Michelleshire,23,8:00 - 17:00
OFF34,+1-492-784-2477,Meganburgh,43,8:00 - 19:00
OFF24,001-587-837-1963x71688,North Jessica,66,10:00 - 19:00
OFF99,(503)659-8657x389,Deanbury,71,12:00 - 17:00
OFF33,735-285-8540x26773,Davidton,97,8:00 - 17:00
OFF72,(656)318-1664x210,North Miguel,71,8:00 - 20:00
OFF58,(240)797-9035x40159,Bonniebury,56,10:00 - 20:00
OFF41,(909)465-9611x80316,Stephenfort,24,11:00 - 18:00
OFF72,6774351791,East Stevenburgh,38,9:00 - 19:00
OFF97,212.966.1984x46480,East Andrewville,81,9:00 - 19:00
OFF19,001-614-542-4485x22363,Christianville,13,8:00 - 20:00
OFF85,001-582-735-5023x157,Jamesland,95,9:00 - 20:00
OFF40,858.710.9933x638,New Richard,91,9:00 - 17:00
OFF53,661.972.8947,North Yolandaview,91,8:00 - 20:00
OFF16,947-786-7637,Lake Paul,63,11:00 - 20:00
OFF52,+1-440-460-9820x531,Edwardshaven,100,10:00 - 19:00
OFF78,+1-566-385-0342x21011,East Kevinmouth,11,10:00 - 17:00
OFF75,(613)902-1139x72280,Lake Adam,21,11:00 - 18:00
OFF12,854-320-3494x7487,Flemingtown,65,11:00 - 18:00
OFF54,+1-707-514-6915x362,Williamshaven,80,11:00 - 20:00
OFF31,(766)407-3222x75247,Ramirezville,97,12:00 - 17:00
OFF43,+1-356-601-6734x2306,Port Sarahshire,86,8:00 - 18:00
OFF55,7632784049,Kathleenberg,6,9:00 - 20:00
OFF65,870.479.5316,Johnchester,24,9:00 - 20:00
OFF80,(914)441-4220,Kentshire,5,8:00 - 17:00
OFF88,522-827-1712x711,Castanedaburgh,77,8:00 - 18:00
OFF50,001-672-423-2384x48813,Peterfort,89,8:00 - 17:00
OFF55,492.579.1448,East Codyport,75,12:00 - 20:00
OFF23,807-391-5187,West Tommyside,50,9:00 - 18:00
OFF91,282-694-8267,South Haydenshire,25,12:00 - 18:00
OFF71,001-763-386-1035x17196,Barberburgh,49,8:00 - 17:00
OFF21,001-569-857-6400x6211,Grossville,55,8:00 - 17:00
OFF49,952-939-1106x963,Lake Codybury,54,9:00 - 17:00
OFF96,513-480-6374x5780,Barkerbury,8,9:00 - 17:00
OFF22,902.506.2282x7855,Andreaside,100,10:00 - 20:00
OFF15,001-860-387-4202x1601,West Annafurt,92,12:00 - 19:00
OFF42,+1-482-232-4128x876,North Leslieside,75,10:00 - 19:00
OFF41,395-641-6169x00066,Rachelburgh,72,8:00 - 18:00
OFF22,695.999.7650x050,New Kenneth,72,12:00 - 18:00
OFF38,+1-983-672-8057x287,North Michelleshire,13,12:00 - 18:00
OFF81,+1-330-936-6231x58151,Donnatown,48,12:00 - 18:00
OFF21,001-570-542-9493x5419,Port Hunterport,9,9:00 - 17:00
OFF17,4782260524,Allenville,34,12:00 - 17:00
OFF30,(400)819-8303,New Andrewfort,59,9:00 - 20:00
OFF12,+1-541-835-7823x539,Velasquezchester,44,12:00 - 20:00
OFF27,402.458.1033,North Cynthiaberg,54,10:00 - 17:00
OFF93,817-477-8693x150,Olsonland,97,9:00 - 20:00
OFF71,(506)837-8582x39927,Palmerport,37,12:00 - 19:00
OFF59,(672)812-6854,Corymouth,75,8:00 - 19:00
OFF13,+1-834-256-6424x0412,Lake Andrew,48,8:00 - 19:00
OFF95,(479)700-3058x109,North Dylanshire,88,12:00 - 19:00
OFF84,816-381-4606x915,New Karen,79,10:00 - 19:00
OFF87,2632828969,Vegachester,45,12:00 - 19:00
OFF12,456.692.2918,South Christopherbury,27,11:00 - 20:00
OFF93,(806)990-8114,Lake Jamesmouth,96,10:00 - 17:00
OFF98,(406)790-5370,Russofort,4,11:00 - 19:00
OFF39,459.697.6741,West Thomasmouth,78,9:00 - 20:00
OFF39,980.484.1693x95256,Hessville,21,10:00 - 18:00
OFF26,613.809.2662,Cardenasland,99,11:00 - 18:00
OFF92,001-744-443-0069,Sullivantown,63,9:00 - 19:00
OFF53,(533)604-2806x79018,Freemanborough,58,12:00 - 20:00
OFF69,001-561-349-3307,East Teresa,67,8:00 - 20:00
OFF21,277-276-0535x43122,North Mitchell,10,11:00 - 18:00
OFF28,001-240-291-7575x79732,Briannatown,78,10:00 - 20:00
OFF47,7262998255,Hernandezfort,86,10:00 - 18:00
OFF36,419.377.2431,Derrickview,99,12:00 - 20:00
OFF57,001-232-805-6545,Andreaview,55,9:00 - 20:00
OFF89,658-926-6778x5807,New Amanda,81,8:00 - 17:00
OFF46,+1-447-743-8444x40375,Nixonland,95,8:00 - 20:00
OFF65,+1-525-700-5873,Lake Chadshire,78,11:00 - 17:00
OFF48,+1-969-341-4355x1014,North Logan,31,11:00 - 18:00
OFF17,9607784734,Wilsonbury,94,11:00 - 20:00
OFF51,568.987.1961,South Christina,78,8:00 - 17:00
OFF33,2916288607,Aliciashire,18,12:00 - 17:00
OFF10,+1-517-354-3920,Chambersshire,65,10:00 - 18:00
OFF59,8732806710,Elizabethborough,91,9:00 - 19:00
OFF81,331.839.0556x21619,North Anthony,61,10:00 - 20:00
OFF71,(422)625-1656,Pooleland,16,11:00 - 19:00
OFF73,9637262407,Lake Barbaraton,52,8:00 - 17:00
OFF97,001-884-843-4466x8744,New John,67,11:00 - 19:00
OFF83,+1-594-228-4387x442,West Johnton,24,9:00 - 20:00
OFF61,(287)240-1646,East Josephport,7,10:00 - 19:00
OFF68,211.957.2555,Mathewsberg,53,11:00 - 18:00
OFF33,6288699806,New Robert,17,9:00 - 17:00
OFF45,592-864-3928,Valdezton,41,9:00 - 20:00
OFF18,901-678-9001x7281,South Bryan,15,9:00 - 18:00
OFF24,590-639-1599,Oliverberg,47,11:00 - 18:00
OFF84,613-788-3764x054,Gloriaside,4,10:00 - 19:00
OFF78,+1-803-608-4301x96346,South Beckyhaven,29,9:00 - 20:00
OFF53,5256444025,Howardshire,8,10:00 - 19:00
OFF39,525-591-3455,New Williamberg,54,8:00 - 20:00
OFF51,353.687.9286x3153,North Jeremy,88,11:00 - 19:00
OFF80,9768962611,Stevenhaven,5,11:00 - 17:00
OFF28,(389)806-0611x2530,Lindaland,38,12:00 - 19:00
OFF12,996.576.5280,Adamschester,46,10:00 - 17:00
OFF51,703-687-4689x8880,Nataliehaven,18,8:00 - 18:00
OFF29,(850)620-7827x73193,South Charles,65,12:00 - 20:00
OFF76,868-329-9489x3722,Luischester,83,8:00 - 18:00
OFF21,001-892-777-0274,East Codyland,1,10:00 - 20:00
OFF53,277.876.4125x33373,Port Paul,13,9:00 - 17:00
OFF41,(738)783-4694,South Justinville,13,8:00 - 20:00
OFF49,660.745.2391x84882,Wolfhaven,72,11:00 - 20:00
OFF61,938.940.5749x48262,Port Joseph,7,12:00 - 19:00
OFF40,280-870-7537x3685,Brendaville,48,11:00 - 18:00
OFF71,001-701-676-1200x380,New Kathyberg,33,11:00 - 17:00
OFF14,(500)855-7188x2014,Lake Nancyburgh,69,9:00 - 17:00
OFF94,+1-410-210-1191,Port Cody,87,9:00 - 20:00
OFF64,401.997.7460x564,East Cheryl,68,10:00 - 19:00
OFF28,4359239668,Port Emily,98,10:00 - 17:00
OFF43,+1-897-289-2188x723,Lisaburgh,41,11:00 - 20:00
OFF33,677.248.1354x073,Marcfort,62,11:00 - 18:00
OFF69,001-531-335-6169,Harrisonfurt,17,10:00 - 17:00
OFF78,932.568.9068x26973,Port Robert,77,11:00 - 17:00
OFF54,735-796-2258x302,West Sarah,52,12:00 - 17:00
OFF60,001-961-270-2298x77518,Lake James,65,8:00 - 20:00
OFF13,001-675-345-2153x45593,North Valeriefurt,15,8:00 - 19:00
OFF50,001-919-890-4671x6475,South Billyview,64,9:00 - 17:00
OFF20,(272)382-4744x87277,West Brittanyport,58,11:00 - 19:00
OFF54,674.415.7619,Robertport,15,10:00 - 17:00
OFF56,961-989-2402x7962,Taylorbury,17,9:00 - 17:00
OFF92,+1-453-542-0411x91615,Anthonyview,2,9:00 - 19:00
OFF49,368-359-1211x813,New Melaniefurt,37,10:00 - 20:00
OFF39,(833)360-7835,Johnfort,19,11:00 - 19:00
OFF12,+1-688-371-5284x366,West Amber,63,8:00 - 18:00
OFF44,001-408-352-1154x198,North Samantha,19,10:00 - 20:00
OFF96,(717)280-4398,South Gabriella,25,11:00 - 17:00
OFF36,242.975.7773,North Christopherton,70,8:00 - 20:00
OFF48,001-354-811-8452x2125,South Dennis,58,10:00 - 17:00
OFF72,684.279.1373x044,Port Kathleenfurt,48,8:00 - 19:00
OFF72,741.948.4052x11971,East Rebeccamouth,54,10:00 - 19:00
OFF45,372-983-1152x15204,New Nancybury,3,10:00 - 17:00
OFF66,001-896-952-1537x176,Port Robert,74,11:00 - 19:00
OFF57,393-576-1817,West Kari,100,10:00 - 17:00
OFF90,508.672.7974x2210,South Stevenville,47,11:00 - 19:00
OFF67,986.681.4231,Royport,62,8:00 - 20:00
OFF23,5952540138,Lake Rachelhaven,29,8:00 - 18:00
OFF87,666-268-1518x009,East Christopher,61,12:00 - 17:00
OFF56,982.971.0428,Gregoryview,32,9:00 - 17:00
OFF23,+1-411-944-6575x0657,Sanchezton,28,10:00 - 20:00
OFF29,220.491.6294x112,Cliffordstad,78,11:00 - 19:00
OFF58,(297)648-7547x82752,Jeremystad,17,9:00 - 20:00
OFF90,354.301.5575,New Jamieville,18,11:00 - 17:00
OFF58,332.622.0341,Derrickstad,44,11:00 - 17:00
OFF13,+1-644-427-1254x5880,Hortonstad,22,11:00 - 18:00
OFF49,9006497061,Michelleview,25,8:00 - 20:00
OFF61,901-331-9658,Lake Stephenland,5,11:00 - 19:00
OFF90,962.960.8522,Lloydport,28,9:00 - 17:00
OFF55,(880)943-7710,Lake Anthony,48,9:00 - 20:00
OFF10,(292)268-7027x80740,Maureentown,51,12:00 - 20:00
OFF70,2093444141,West Julia,71,10:00 - 20:00
OFF16,426.562.1000x556,Lake Brittanyberg,46,11:00 - 17:00
OFF75,(541)362-8909,Johnburgh,59,9:00 - 18:00
OFF91,001-661-737-2172x45401,Kimberlyshire,20,10:00 - 20:00
OFF17,611-269-2988x092,Smithview,57,10:00 - 18:00
OFF92,(710)449-7799x9749,East Ericachester,81,8:00 - 20:00
OFF54,727.424.4458x830,Travisville,46,12:00 - 19:00
OFF49,+1-349-965-2968x8892,Nicholsview,22,10:00 - 20:00
OFF29,4914071676,Ashleyfurt,94,11:00 - 20:00
OFF23,(539)206-3211,South Christopher,95,10:00 - 17:00
OFF46,001-260-977-5103,Lake Jenniferberg,65,12:00 - 17:00
OFF65,+1-948-790-9272,Lake Jesus,28,9:00 - 20:00
OFF36,869.753.0137,West Patrick,99,8:00 - 20:00
OFF15,+1-574-579-0276,Lake Zacharymouth,26,12:00 - 17:00
OFF70,+1-668-355-2515x643,East Cynthiaberg,60,8:00 - 19:00
OFF75,+1-524-676-4222x4663,Lake Lauraberg,32,8:00 - 17:00
OFF89,706.650.3555,Cindyfort,89,9:00 - 17:00
OFF85,001-364-947-6206,Gonzalezborough,63,12:00 - 20:00
OFF93,495-288-5962,Port Anthonystad,56,12:00 - 20:00
OFF63,(450)330-0831,Williamsborough,53,12:00 - 17:00
OFF98,(710)822-2298x2725,West Krystal,66,9:00 - 18:00
OFF67,001-773-274-5696x868,Robertton,80,11:00 - 20:00
OFF37,941.442.6480x767,Port Benjamin,7,8:00 - 17:00
OFF44,001-265-868-1225x8979,Raymondmouth,81,10:00 - 19:00
OFF17,001-869-371-7353x686,Snowburgh,76,8:00 - 18:00
OFF84,(675)517-7995x955,Lake Christopherborough,64,12:00 - 17:00
OFF31,+1-785-390-0428x884,South Laurie,85,10:00 - 20:00
OFF52,+1-348-221-4931x5783,New James,81,11:00 - 18:00
OFF32,+1-533-941-3341x6378,New Michaelborough,95,9:00 - 18:00
OFF29,405.743.3145,Millerstad,35,10:00 - 20:00
OFF45,(668)476-1483,North Grantton,73,12:00 - 19:00
OFF23,001-891-643-3607x51246,Henryton,21,11:00 - 19:00
OFF52,(414)673-4696x50173,Lake Christopherton,50,12:00 - 17:00
OFF60,832-257-5405x4515,Nancyside,49,8:00 - 20:00
OFF89,001-954-503-6142x0898,South Angelaside,85,12:00 - 17:00
OFF90,(516)821-5023,Suareztown,16,8:00 - 17:00
OFF68,736.717.1231,Smithtown,8,11:00 - 18:00
OFF64,(995)392-9177x8332,Jamesborough,1,9:00 - 20:00
OFF56,390.880.0794x213,Alyssaborough,14,9:00 - 19:00
OFF76,438.382.3902x7781,Brownhaven,16,12:00 - 20:00
OFF44,8369415727,Hessshire,76,8:00 - 20:00
OFF97,+1-977-436-1043x4996,South Jessica,81,8:00 - 20:00
OFF42,001-520-737-5304,Scottland,24,12:00 - 20:00
OFF79,996.645.5470x1386,North Jamesburgh,24,8:00 - 19:00
OFF56,876.616.0005,West Kristaborough,5,11:00 - 20:00
OFF46,+1-764-365-5594x911,South Johnny,68,9:00 - 20:00
OFF31,(827)203-6567,Jenniferport,48,10:00 - 19:00
OFF59,(398)824-8544x95346,New Charlotte,81,10:00 - 18:00
OFF84,481-952-7968,East Lorimouth,26,10:00 - 18:00
OFF44,282.955.6651,Lake Michelleport,61,11:00 - 18:00
OFF55,293.223.3705x80051,South Deniseberg,80,10:00 - 17:00
OFF68,+1-723-554-7394,Justinside,59,12:00 - 19:00
OFF26,+1-929-374-1337x2022,Lisaburgh,99,10:00 - 17:00
OFF70,792.962.0540x01608,West Ryanshire,34,9:00 - 19:00
OFF15,001-637-527-6393x1907,New Matthew,66,9:00 - 17:00
OFF89,+1-419-662-5674x663,East Steven,22,8:00 - 17:00
OFF41,001-408-545-9920x6694,New James,96,10:00 - 18:00
OFF78,(925)818-1593x02556,New Jessica,48,8:00 - 18:00
OFF40,434-643-1049x44885,North Jonathan,48,12:00 - 20:00
OFF41,583.545.7896x8693,Mariabury,78,11:00 - 18:00
OFF95,608-377-4729x6420,Port Timothychester,58,8:00 - 20:00
OFF79,730.660.7866x559,Port Johnview,33,9:00 - 19:00
OFF92,838.784.5006,Williamschester,25,9:00 - 18:00
OFF44,491-751-8322,Port Johnny,48,11:00 - 18:00
OFF95,451-356-4483x140,Port Reginald,26,12:00 - 18:00
OFF73,237-938-9219,West Yvetteton,99,8:00 - 19:00
OFF69,911-356-2640,Lake Jeffreychester,14,10:00 - 18:00
OFF80,001-706-252-6814x5207,North Toddview,42,10:00 - 17:00
OFF33,001-897-321-6694x6282,Fostermouth,2,9:00 - 20:00
OFF55,+1-979-885-4298x32161,Port Meganside,14,11:00 - 18:00
OFF70,801.525.0583x280,Perkinsview,6,12:00 - 18:00
OFF25,001-690-615-2629,New Patricia,71,10:00 - 20:00
OFF15,3826551760,South Adriana,80,11:00 - 19:00
OFF65,715.993.1919x43741,Schaefertown,23,11:00 - 20:00
OFF10,(283)540-1436x726,Lake Kelseyside,51,9:00 - 18:00
OFF54,268.940.4535x6457,Lake Victoriatown,69,12:00 - 20:00
OFF81,001-787-703-4141,South Christinefurt,10,8:00 - 18:00
OFF86,790-517-8744x03876,Jamesland,24,10:00 - 19:00
OFF84,+1-486-558-7107x054,Valenzuelatown,15,11:00 - 20:00
OFF99,001-827-970-9296,Lichester,32,11:00 - 20:00
OFF93,001-981-820-4138x285,Lake Benjaminchester,34,11:00 - 20:00
OFF65,6792390925,Lake Danielstad,66,8:00 - 17:00
OFF19,729.351.6534x73525,Port Megan,29,9:00 - 17:00
OFF34,424-316-9513x9463,Dennisland,33,8:00 - 19:00
OFF82,(963)880-8468,Lake Nancy,97,10:00 - 19:00
OFF87,6293357717,New Taylorberg,48,8:00 - 17:00
OFF22,(619)469-2256,Lake Nicholas,48,10:00 - 17:00
OFF45,9838434227,Port Martinland,11,11:00 - 18:00
OFF86,5207613850,West Tracey,69,10:00 - 20:00
OFF27,+1-591-982-6208x9410,Mooreview,35,8:00 - 20:00
OFF76,559.826.3370x67266,Wallshaven,93,8:00 - 18:00
OFF64,(823)888-2489x923,Port Carlosshire,52,9:00 - 20:00
OFF20,3697138690,Bishopton,10,12:00 - 19:00
OFF99,460-206-2177,South Sarah,33,10:00 - 17:00
OFF44,868-354-0334x399,Careyport,38,8:00 - 19:00
OFF82,481.603.4279,Darrenton,37,8:00 - 20:00
OFF57,972-481-5683x9385,East Hannah,49,12:00 - 18:00
OFF79,+1-574-518-9186x7535,North Matthewtown,22,9:00 - 17:00
OFF90,234-524-2084x773,Thorntonville,33,8:00 - 18:00
OFF40,+1-755-762-3177x634,West Johnnychester,80,9:00 - 19:00
OFF79,001-261-504-0070x1903,Lake Reneeport,81,9:00 - 17:00
OFF80,928-879-7867x70770,New Sharon,32,10:00 - 19:00
OFF83,403.296.5021x625,Lake Rebecca,35,9:00 - 19:00
OFF82,8505774506,Port Jeffrey,38,9:00 - 17:00
OFF24,001-812-930-3765,Michaelfort,90,11:00 - 18:00
OFF72,730.876.4673,North Elizabethbury,71,10:00 - 17:00
OFF90,+1-754-473-7402,South Lisa,90,12:00 - 19:00
OFF61,997-639-3503,Tylerstad,58,8:00 - 19:00
OFF67,(466)644-2260x741,West Billy,42,11:00 - 20:00
OFF16,001-492-946-0469x44964,North Tracy,18,10:00 - 20:00
OFF14,2135858638,West Julieshire,89,12:00 - 19:00
OFF49,6466219448,Robertsfort,12,10:00 - 19:00
OFF11,854.371.3086x60074,Underwoodbury,83,9:00 - 19:00
OFF14,553-412-3329,East Benjaminchester,23,12:00 - 17:00
OFF84,(648)743-8638,New Charlesburgh,45,9:00 - 20:00
OFF10,001-392-882-5831x980,Johnstad,2,9:00 - 18:00
OFF97,(413)563-6305,Lisaville,14,9:00 - 19:00
OFF15,(465)909-2256x2159,Scottville,33,12:00 - 18:00
OFF80,9284678159,Melaniestad,44,10:00 - 19:00
OFF98,456-758-8764x11994,New Richardport,8,11:00 - 19:00
OFF65,(609)444-8291x00418,New Eric,29,11:00 - 19:00
OFF56,(708)947-5429x6528,Reevesstad,54,8:00 - 20:00
OFF59,+1-285-756-0503x661,Matthewport,17,10:00 - 19:00
OFF26,557.295.4442x0505,North Lindsay,25,9:00 - 17:00
OFF40,981-659-7905,Adrianview,48,11:00 - 20:00
OFF24,750.428.9821,Ashleyport,72,8:00 - 19:00
OFF59,9417793800,East Stevenmouth,63,12:00 - 17:00
OFF38,+1-439-441-3373x414,New Joseburgh,7,11:00 - 18:00
OFF74,001-585-533-2293x514,West Barbara,36,8:00 - 20:00
OFF20,001-390-550-4793,Kennethside,39,8:00 - 20:00
OFF20,(431)745-0620x62685,Weaverfort,63,8:00 - 19:00
OFF89,(450)567-2566,Robertfurt,98,9:00 - 18:00
OFF23,001-471-565-1326x3228,West Charlesville,96,12:00 - 17:00
OFF18,001-518-455-2677,East Carolynstad,36,12:00 - 20:00
OFF93,(860)472-2303,South Brittanyland,85,8:00 - 18:00
OFF13,(481)833-4834x25801,South Amanda,20,10:00 - 20:00
OFF93,+1-676-337-7459x338,Brownburgh,70,8:00 - 18:00
OFF15,+1-411-498-4755x2181,New Dawnside,68,10:00 - 18:00
OFF50,787-476-0063x34652,Port Andrew,96,11:00 - 20:00
OFF46,609.366.6919,Melissaport,54,8:00 - 20:00
OFF46,(585)676-9664,West April,53,11:00 - 18:00
OFF71,626-722-5345x939,South Petermouth,42,9:00 - 18:00
OFF69,001-717-488-7710x39991,South Christopher,21,12:00 - 17:00
OFF55,+1-724-357-8502x161,Josephton,93,11:00 - 19:00
OFF77,947-607-5772,West Lisa,37,12:00 - 18:00
OFF25,(597)260-3689x4817,Johnsonfurt,53,11:00 - 18:00
OFF90,395-362-1646,Caldwellchester,2,11:00 - 18:00
OFF96,579-866-6653x6122,Wellsshire,86,11:00 - 18:00
OFF22,791.554.8371x46152,Bethanyfort,79,8:00 - 18:00
OFF89,001-609-593-6981x175,West Mitchell,26,11:00 - 18:00
OFF90,+1-433-871-1018,West James,3,11:00 - 18:00
OFF53,609.357.1839,East Janiceton,62,10:00 - 18:00
OFF91,(608)882-0963x092,South Jacobburgh,97,11:00 - 19:00
OFF90,750-530-0976,Adamtown,58,10:00 - 17:00
OFF88,+1-203-455-2945,Reidview,80,12:00 - 20:00
OFF46,302.420.3311x8443,Port Mark,16,10:00 - 20:00
OFF17,001-557-368-8501x3157,Williambury,98,12:00 - 19:00
OFF99,657-385-4566x67689,Port Dawnland,59,10:00 - 19:00
OFF61,567-262-9340x5009,Christinabury,51,8:00 - 20:00
OFF51,(917)581-1124,Brittanyport,59,11:00 - 20:00
OFF42,(693)748-2579,Lake Christopher,78,10:00 - 18:00
OFF17,+1-656-952-1103,Port Juliebury,85,8:00 - 18:00
OFF91,001-464-693-2284x4014,Kirkton,29,9:00 - 20:00
OFF46,(619)696-1142x921,Sharonstad,44,8:00 - 17:00
OFF33,352.664.4750x92752,Tuckerton,83,10:00 - 20:00
OFF56,(986)726-7803x5942,Cunninghamberg,83,8:00 - 19:00
OFF53,6513908195,Joyside,49,10:00 - 20:00
OFF37,(325)963-0685x875,Port Matthew,55,12:00 - 17:00
OFF64,8608354851,West Derekstad,30,8:00 - 18:00
OFF32,259.963.4384x194,Clarktown,99,8:00 - 19:00
OFF77,(392)985-1526x2394,East Gabriel,57,8:00 - 18:00
OFF52,+1-896-732-8717,East Denise,67,10:00 - 20:00
OFF59,885.766.8262x82029,South Monica,62,12:00 - 19:00
OFF66,(456)443-5421,North Stephen,8,9:00 - 18:00
OFF90,860.637.1381x50327,South Traceyside,37,11:00 - 18:00
OFF63,394-991-6631x490,Seanside,31,10:00 - 17:00
OFF40,(921)455-8623x83504,Nelsonbury,75,9:00 - 20:00
OFF23,9862824167,New Jennifer,2,11:00 - 19:00
OFF13,+1-460-504-2645x40227,Johnsonchester,74,8:00 - 19:00
OFF73,001-387-379-2015x605,Williamsfurt,18,9:00 - 19:00
OFF78,270.608.9850x800,East Zacharyport,43,11:00 - 18:00
OFF68,+1-748-695-1576x01748,Shawberg,6,10:00 - 19:00
OFF29,+1-447-586-1869x028,Thompsonville,92,8:00 - 20:00
OFF41,(668)422-2918,South Blake,36,8:00 - 19:00
OFF28,+1-612-613-8125x34670,Matthewview,41,10:00 - 20:00
OFF53,5765687568,Dorisfort,14,10:00 - 20:00
OFF79,+1-871-908-5907,Matthewfurt,91,11:00 - 19:00
OFF47,(879)585-0338,Lake Michael,78,9:00 - 18:00
OFF22,2133147768,Lake Timothybury,57,8:00 - 19:00
OFF24,695.663.8366x558,Port Gabrielaburgh,69,8:00 - 20:00
OFF14,+1-449-461-5937x5496,Robertshaven,13,9:00 - 18:00
OFF30,(375)631-3871x504,Gregoryfurt,95,12:00 - 19:00
OFF17,(848)891-6780x59357,New Bryanhaven,25,9:00 - 18:00
OFF84,001-426-599-7730,North Jeffrey,39,8:00 - 19:00
OFF47,001-972-255-6638,West Jasmineborough,80,11:00 - 17:00
OFF69,992-402-1774x522,South James,10,10:00 - 18:00
OFF54,(840)367-3252x75755,Janetmouth,96,9:00 - 20:00
OFF26,256-544-1680,North Phillipborough,84,8:00 - 20:00
OFF93,393-863-6852,North Diana,13,10:00 - 19:00
OFF51,+1-819-247-8752x0009,West Andrew,62,12:00 - 17:00
OFF48,+1-695-843-7939x3873,East Douglasberg,11,8:00 - 19:00
OFF46,(701)941-1663,East Jameschester,46,9:00 - 20:00
OFF49,256.658.7120,Brandonview,99,9:00 - 18:00
OFF84,776.877.2360x77200,Kevinmouth,78,9:00 - 20:00
OFF92,001-393-300-0832x723,West Sandra,6,12:00 - 18:00
OFF30,+1-773-990-3631x909,Brianburgh,39,9:00 - 19:00
OFF66,806-816-8263,Port James,78,12:00 - 20:00
OFF16,268.663.6441,Snyderfurt,58,12:00 - 19:00
OFF29,(331)467-8413x970,Walshview,23,8:00 - 18:00
OFF24,7475413989,New Stephanieshire,8,11:00 - 17:00
OFF38,426.973.5752x5129,Danielville,41,12:00 - 20:00
OFF85,6893277960,East Abigailstad,66,9:00 - 20:00
OFF41,726.459.4238x898,Kellyhaven,84,8:00 - 18:00
OFF60,465-694-0825,South Brooke,51,10:00 - 17:00
OFF11,001-411-873-0733,New Michael,32,8:00 - 18:00
OFF48,(582)564-0407x040,East Paige,50,12:00 - 18:00
OFF14,925-873-4059,Debrastad,79,10:00 - 19:00
OFF97,383.355.5205x30972,New Sharonchester,62,10:00 - 17:00
OFF27,732-560-0583x74827,Jenningsville,87,11:00 - 18:00
OFF57,001-469-864-6993,West Timothy,8,11:00 - 19:00
OFF80,6253671723,Lisamouth,26,9:00 - 18:00
OFF51,(987)984-6397,Rogersshire,14,9:00 - 18:00
OFF47,411.789.3801,Barbarastad,7,12:00 - 18:00
OFF42,650-380-0793x8245,West Biancaberg,96,10:00 - 19:00
OFF31,4498925715,Perezberg,5,12:00 - 20:00
OFF42,001-805-582-2020,Veronicaville,22,9:00 - 17:00
OFF17,(774)930-6506,East Keith,79,10:00 - 18:00
OFF47,415-300-4990,Jessicamouth,35,12:00 - 20:00
OFF38,+1-262-555-7325,Lake Kennethville,77,8:00 - 18:00
OFF78,001-301-893-9406x4516,Sarahhaven,57,11:00 - 20:00
OFF96,882.263.5706x012,North Stephanieburgh,60,11:00 - 18:00
OFF70,656-990-3616x332,Lake Marilyn,32,10:00 - 17:00
OFF83,(348)912-4279,Lake Reneefurt,90,9:00 - 18:00
OFF52,+1-471-628-3028x279,Nicholasport,1,10:00 - 17:00
OFF98,(756)294-4643,Matthewland,15,12:00 - 20:00
OFF44,(685)213-2602x7589,Travishaven,69,10:00 - 20:00
OFF64,617-355-9951x2098,Lake Carlosfurt,16,10:00 - 18:00
OFF17,001-448-659-5918x88792,Bellchester,55,12:00 - 20:00
OFF32,(419)749-8324x055,North Mike,86,10:00 - 18:00
OFF86,(897)869-5151,Rhondamouth,20,8:00 - 18:00
OFF51,404-753-8224,Stephanieside,97,9:00 - 20:00
OFF34,+1-371-745-0204,Wellsfort,86,9:00 - 17:00
OFF13,+1-815-230-9247x262,Brittanychester,39,9:00 - 19:00
OFF22,2505579335,New Gary,24,12:00 - 20:00
OFF32,(654)956-6729x67737,Deborahstad,32,10:00 - 17:00
OFF11,375.782.9233,West Amy,61,9:00 - 17:00
OFF45,001-739-721-2111x2394,Rosemouth,47,9:00 - 18:00
OFF17,(441)731-9303x0994,Timothyfort,52,10:00 - 20:00
OFF47,(635)848-7259x026,East Melissahaven,72,12:00 - 18:00
OFF49,+1-387-897-5407,Dayhaven,67,8:00 - 18:00
OFF79,(995)204-1184x63261,New Kimberlyborough,59,11:00 - 17:00
OFF42,429.896.8278x9777,Lake Michael,72,8:00 - 19:00
OFF66,882.257.9996x5278,South Christopher,36,10:00 - 18:00
OFF58,921.833.4954,Jeffreychester,24,11:00 - 20:00
OFF56,339.660.2602,Vegaborough,58,12:00 - 18:00
OFF95,(880)520-0982,West Dawnville,4,8:00 - 17:00
OFF80,+1-451-598-9873,South Ashley,16,11:00 - 18:00
OFF24,+1-620-930-0050,Masonport,77,10:00 - 17:00
OFF87,(786)232-4651,New Jennifer,73,9:00 - 17:00
OFF58,696.925.7422,Lake Leslieburgh,53,11:00 - 20:00
OFF83,001-432-298-3204x7917,East Catherine,54,12:00 - 18:00
OFF79,751.872.7359x004,New Natalietown,83,9:00 - 17:00
OFF75,8545803003,South Sarahport,35,8:00 - 18:00
OFF30,426-292-7451x457,Mathewsview,57,8:00 - 19:00
OFF52,871.567.5885x687,West Manuel,80,8:00 - 17:00
OFF45,+1-435-988-7227x8006,Alexisside,17,10:00 - 17:00
OFF36,268.985.5620,Martinshire,11,9:00 - 18:00
OFF41,796.626.7650x302,Smithburgh,59,8:00 - 19:00
OFF78,686.650.4651x4990,West Justinchester,6,12:00 - 19:00
OFF72,(623)897-8187x039,Lutzmouth,92,12:00 - 18:00
OFF89,001-225-857-7812,Brianland,83,8:00 - 17:00
OFF14,+1-970-712-0427x676,East Dennisview,31,11:00 - 18:00
OFF63,001-794-974-2133x2573,Mannville,7,8:00 - 18:00
OFF13,394.281.3128x79795,Lake Vanessa,51,10:00 - 20:00
OFF20,897.972.1036,Lake Catherineborough,89,9:00 - 20:00
OFF47,564.479.6261x77887,Fisherfurt,73,11:00 - 17:00
OFF41,+1-412-425-3183x5284,Timothyland,13,12:00 - 18:00
OFF78,001-686-464-9700x18640,Lukeside,25,8:00 - 20:00
OFF81,001-531-359-6972x302,Briannamouth,63,12:00 - 17:00
OFF25,001-992-552-6918x4582,South Christopher,41,9:00 - 17:00
OFF24,6643069673,New Melissaberg,11,12:00 - 17:00
OFF72,+1-286-315-4930x90777,Port Jason,4,8:00 - 17:00
OFF41,823-776-6129x978,New Tracy,57,9:00 - 17:00
OFF58,+1-357-391-1150x30126,Matashire,62,12:00 - 19:00
OFF39,(337)456-5481x960,Gutierrezside,82,9:00 - 17:00
OFF76,(601)592-2337x41683,West Tracyside,27,8:00 - 19:00
OFF43,(800)432-7873,West Rachel,63,9:00 - 17:00
OFF72,(778)305-5475x99034,Strongside,28,10:00 - 19:00
OFF82,337-629-5021x210,New Samanthaburgh,80,12:00 - 19:00
OFF20,618.922.4338x2871,South Laura,97,11:00 - 17:00
OFF39,2732205115,West Justinchester,85,11:00 - 20:00
OFF75,388-564-9903x6745,Port Thomasfurt,25,10:00 - 17:00
OFF78,526-448-9187x019,Evansberg,76,12:00 - 19:00
OFF22,495.324.5885,Anthonyview,80,12:00 - 20:00
OFF32,606.566.5966,North Amber,20,11:00 - 20:00
OFF21,+1-589-491-1757x159,Lake Meganshire,41,12:00 - 18:00
OFF84,922.914.3021x2704,South Tyler,90,11:00 - 19:00
OFF69,+1-548-744-6828x046,South Micheleshire,20,11:00 - 18:00
OFF23,799-799-9311x099,Allenside,69,12:00 - 19:00
OFF94,499.792.9933,Troyton,1,9:00 - 20:00
OFF96,657-815-3481x1306,Johnshire,36,10:00 - 20:00
OFF46,+1-418-836-1182x16135,North Michelle,71,11:00 - 20:00
OFF96,+1-463-607-7718,North Gregory,68,10:00 - 18:00
OFF74,+1-731-689-0985x769,North Stephanieberg,95,9:00 - 18:00
OFF12,742.756.1003x20872,West Jacqueline,13,10:00 - 18:00
OFF86,796.915.9085,Thompsonstad,14,10:00 - 19:00
OFF28,+1-935-427-7516x23302,Maryburgh,61,8:00 - 18:00
OFF68,601.312.2493x4911,East Tanya,29,8:00 - 17:00
